System Command, lastCodeExecutionId, User Command, executed 
Use the Existing codebase and modify it to create new typescript clean code Repository according to user command. Use Standard Coding Practices. Use Functional React Components. Individual Files should be wrapped with tags: '<---file--->' and '</---file--->. Mention file name in every file after the <---file---> tag with prefix '// FileName: '. Keep the whole code b/w tags <CODE_BEGIN> and <CODE_END>. Implement all the methods., ,Create an react native repository to be run with android and ios having the package name 'multiTimer'. Through this application the app user can create multiple timers and the timer will keep running even on background.User should be able to input the time in hours Minutes and seconds. Use React-native-background-timer package. User can add multiple timers and view all the timers he has created. On the list page user should view the remaining time in that timer and action buttons to pause it and stop it. Once timer is created or stopped user will be able to start the timer on clicking of a play button agains the timer in the same listing page. Use react-native-vector-icons to represent action buttons with icons where applicable. Create app json and package json.,true 
,,Ask for Time input to user while creating timer. User should enter time in hours minutes and seconds. Each Timer should show buttons on right side of the card. Use icons instead of text on the buttons. When the timer reaches zero the Timer card should show a green tick mark on right side. Increase the size of Timer Name shown in List page. Show the remaining time in hours minutes seconds format. Use padding and border radius on each component to make it appealing., true
,,Use a color theme on the whole app. Add Padding to all elements. Ask for time only when user clicks Add timer button. Let the user add a label to each timer. Show the label of each timer on the timer list. Move the add Timer button to be a floating icon button on bottom right of screen.,true 
,, Move the user Time input to a modal that comes up on click of Add Timer. Add padding between pause and stop button of Timer List Item. Let the user remove an Timer Item once it's completed., true
,, Show Text Input labels on Timer Modal. Make the label on Timer Item bigger. In Timer List Timer Item show only non zero values of time remaining. On click of tick button on Timer Item remove the Timer Item. ,true 
,, Hide initial zero in Text Input of Timer Creation form. Use circular icoon buttons for pause and stop of Timer Item., true 
,, Persist the Timer Item if Timer completes when app is in background. Add an Empty Clock icon on homepage if there are no Timer Items added., true 
,, Do not remove timer on timer timeout. Add padding between label and time on Timer Item. Make the Label bigger than the time. Add a close button on Timer item that will remove the timer when it is not running. Remove the stop button from Timer Item.,true 
,, Follow System theme for light and dark theme. Make an elegent UI with modern looking icons buttons & Texts, false
